,P_fc,P_el,P_pv,P_hp,P_bs,H_hs,P_eb,G_ht
0,3363.549236889617,416.3059875978294,8000.0,421.84082181418125,4207.487639527508,100.0,4880.890320329312,5795.283157506655
