,obj,C_IN,C_OM,C_RE,opex
0,14718877.338131081,85329391.03532651,16755530.78745435,29541414.38490076,1312444.2560800659
