,P_fc,P_el,P_pv,P_hp,P_bs,H_hs,P_eb,G_ht,Obj
0,555.1362563425421,188.16383544505132,1100.0,364.5304404146018,483.8069032882426,100.0,177.94646661083348,6225.901353262986,2763022.632099505
