,obj,C_IN,C_OM,C_RE,opex
0,3346349.455443952,15945731.758526646,3131150.898497203,4340735.597317233,961213.3108619812
