,P_fc,P_el,P_pv,P_hp,P_bs,H_hs,P_eb,G_ht
0,673.955673169346,74.28548326912791,1100.0,338.565862197918,1112.932451499269,100.0,341.996593574259,3799.245921468488
