,obj,C_IN,C_OM,C_RE,opex
0,2763022.632099505,15082969.67043621,2961736.3913285905,4109355.2677620947,506582.5512836465
