,obj,C_IN,C_OM,C_RE,opex
0,3322783.8025716986,17051883.51562742,3348358.118621692,7039411.267041273,527994.5452347003
