,g_fc,h_fc,g_hp,p_hp,g_ht_di,g_ht_ch,g_eb,g_total_demand,g_rh
0,"[0.6719364288001088, 0.10486869120000186, 0.050492332800000206, 0.0, 0.050492332800000206, 0.10486869120000186, 103.58981376161972, 0.0, 1.1368683772161603e-13, 0.0, 0.0, 0.0, 0.0, 0.0, 0.0, 0.0, 3.0713334990943224, 0.0, 0.0, 0.0, 0.0, 0.0, 0.0, 0.5232389449599957]","[18.10835071979491, 0.0, 0.0, 0.0, 0.0, 0.0, 0.0, 0.0, 0.0, 0.0, 0.0, 0.0, 2.8261587828577577, 0.0, 0.0, 0.0, 0.0, 0.0, 0.0, 0.0, 0.0, 0.0, 0.0, 0.0]","[0.0, 0.0, 0.0, 0.0, 0.0, 0.0, 0.0, 406.25524590612423, 928.5367685936354, 1257.736695638282, 1603.933937824248, 1603.933937824248, 935.3313788042869, 1045.969659831189, 1037.561092028938, 720.8239187410214, 0.0, 0.0, 0.0, 0.0, 0.0, 0.0, 0.0, 0.0]","[0.0, 0.0, 0.0, 0.0, 0.0, 0.0, 0.0, 151.9437863984754, 370.1339563544179, 523.3665840689534, 700.9473277030137, 700.0810034621752, 374.0072066244237, 396.96950114189616, 420.48594556731035, 269.83174738108545, 0.0, 0.0, 0.0, 0.0, 0.0, 0.0, 0.0, 0.0]","[1053.7762260468346, 3.016223308799998, 1.4522556671999998, 0.0, 1.4522556671999998, 3.016223308799998, 0.0, 0.0, 0.0, 0.0, 0.0, 0.0, 0.0, 0.0, 0.0, 0.0, 0.0, 50.86224, 19.998108, 47.741148, 87.85296, 112.474908, 56.988828, 28.722549055040005]","[1300.9583037615243, 3.7237324799999976, 1.7929082311111109, 0.0, 1.7929082311111109, 3.7237324799999976, 0.0, 0.0, 0.0, 0.0, 0.0, 0.0, 0.0, 0.0, 0.0, 0.0, 0.0, 62.79288888888889, 24.68902222222222, 58.93968888888889, 108.46044444444445, 138.85791111111112, 70.35657777777777, 35.45993710498766]","[0.0, 0.0, 0.0, 0.0, 0.0, 0.0, 0.0, 0.0, 0.0, 0.0, 0.0, 0.0, 0.0, 0.0, 0.0, 0.0, 0.0, 0.0, 0.0, 0.0, 0.0, 0.0, 0.0, 0.0]","[19.998108, 3.121092, 1.502748, 0.0, 1.502748, 3.121092, 24.621948, 69.3576, 92.4768, 70.860348, 33.869628, 55.48608, 33.869628, 18.49536, 27.74304, 67.739256, 33.869628, 50.86224, 19.998108, 47.741148, 87.85296, 112.474908, 56.988828, 29.245788]","[0.0, 0.0, 0.0, 0.0, 0.0, 0.0, 0.0, 0.0, 0.0, 0.0, 0.0, 0.0, 0.0, 0.0, 0.0, 0.0, 0.0, 0.0, 0.0, 0.0, 0.0, 0.0, 0.0, 0.0]"
