,g_fc,h_fc,g_hp,p_hp,g_ht_di,g_ht_ch,g_eb,g_total_demand,g_rh
0,"[0.0, 24.430516170105708, 43.75622262857137, 24.337189028571363, 2.119696457142857, 0.11432571428571418, 10.430260555639101, 0.0, 0.0, 0.0, 0.0, 0.0, 0.0, 61.3931346186875, 163.69112730380874, 0.0, 0.0, 0.0, 51.02206658634224, 145.66701641142865, 105.85487067428569, 77.03723931428567, 33.88903405714296, 32.05474148571432]","[0.0, 0.0, 0.0, 0.0, 0.0, 0.0, 0.0, 0.0, 0.0, 0.0, 0.0, 0.0, 0.0, 0.0, 0.0, 177.83869364316394, 480.55149940514497, 0.0, 0.0, 0.0, 0.0, 0.0, 0.0, 0.0]","[0.0, 0.0, 0.0, 0.0, 0.0, 0.0, 0.0, 0.0, 1135.637754327053, 860.816978185029, 1416.5748281183926, 476.47684083435047, 0.0, 229.50196353436166, 252.24976540690278, 1416.5748281183928, 0.0, 0.0, 0.0, 0.0, 0.0, 0.0, 0.0, 0.0]","[0.0, 0.0, 0.0, 0.0, 0.0, 0.0, 0.0, 0.0, 460.082266712098, 340.2066257073051, 603.2487167902563, 176.550155858229, 0.0, 82.61288097193865, 92.83705289446114, 554.0672646212481, 0.0, 0.0, 0.0, 0.0, 0.0, 0.0, 0.0, 0.0]","[353.978884481706, 1142.3756617974177, 0.0, 0.0, 0.0, 3.309274285714286, 16.5781394443609, 0.0, 0.0, 0.0, 0.0, 0.0, 0.0, 0.0, 0.0, 0.0, 37.1524, 55.792, 0.0, 0.0, 0.0, 46.33916068571433, 28.623365942857042, 0.025658514285680667]","[437.01096849593335, 1410.3403232066885, 0.0, 0.0, 0.0, 4.08552380952381, 20.466838820198642, 0.0, 0.0, 0.0, 0.0, 0.0, 0.0, 0.0, 0.0, 0.0, 45.867160493827164, 68.87901234567902, 0.0, 0.0, 0.0, 57.208840352733745, 35.337488818342024, 0.03167717813046996]","[0.0, 0.0, 0.0, 0.0, 0.0, 0.0, 0.0, 0.0, 0.0, 0.0, 0.0, 0.0, 0.0, 0.0, 0.0, 0.0, 0.0, 0.0, 0.0, 0.0, 0.0, 0.0, 0.0, 0.0]","[21.9364, 3.4236, 1.6484, 0.0, 1.6484, 3.4236, 27.0084, 76.08, 101.44, 77.7284, 37.1524, 60.864, 37.1524, 20.288, 30.432, 74.3048, 37.1524, 55.792, 21.9364, 52.3684, 96.368, 123.3764, 62.5124, 32.0804]","[0.0, 0.0, 0.0, 0.0, 0.0, 0.0, 0.0, 0.0, 0.0, 0.0, 0.0, 0.0, 0.0, 0.0, 0.0, 0.0, 0.0, 0.0, 0.0, 0.0, 0.0, 0.0, 0.0, 0.0]"
