,obj,C_IN,C_OM,C_RE,opex
0,2704698.525802699,14531089.429381829,2853367.560169979,3810647.286719058,545930.3390275068
