,P_fc,P_el,P_pv,P_hp,P_bs,H_hs,P_eb,G_ht
0,554.5057568591443,103.60419966228346,1100.0,321.94882457236196,432.33757049482557,100.0,369.00036653399076,4945.066633024308
